language_long	num_permuted_remove_parenthesis	num_surviving_remove_parenthesis
global	402399	70838566
Afar	3	25918
Abkhaz	3	383
Ambonese	0	3
Acehnese	22	82614
Adyghe	0	189
Adyghe in Cyrillic script	0	151
Tunisian Arabic	0	163
Tunisian Arabic in Arabic script	5	2477
Tunisian Arabic in Latin script	0	1448
Afrikaans	2241	207719
Akan Wiktionary	5	26545
Gheg Albanian	0	23644
Swiss German	4	126
Amharic	3	1461
Aragonese	232	181166
Old English	0	28380
Angika	0	182
Arabic	4461	521251
Aramaic	1	311
Mapudungun	0	23482
Algerian Arabic	0	463
Moroccan Arabic	6	5053
Egyptian Arabic	8258	638438
Assamese	10	4458
Asturian	767	4263747
Atikamekw	0	778
Avaric	0	345
Kotava	8	1138
Awadhi	3	274
Aymara	0	27463
Azerbaijani	370	57247
South Azerbaijani	4077	75072
Bashkir language	66	7042
Balinese	2	637
Bavarian	332	214951
Toba Batak	0	285
Batak Toba in Latin script	0	1449
Southern Balochi	0	189
Central Bikol	12	27729
Belarusian	92	36448
Taraškievica	48	16884
Bulgarian	2381	61238
Western Balochi	0	151
Bhojpuri	10	1896
Bislama Wiktionary	0	26462
Banjar	19	75899
Bambara	1	76792
Bengali	552	59753
Tibetan	0	967
Bishnupriya Manipuri	1	307
Bakhtiari	0	190
Breton	114	195070
Brahui language	0	23199
Bosnian	51	68426
Mandailing	0	2
Rinconada Bikol	0	335
Buginese	17	51742
Russia Buriat	0	488
Catalan	3619	2240058
Zamboanga Chavacano	0	26183
Min Dong	0	26353
Chechen	8	2179
Cebuano	10	46431
Chamorro	0	25788
Choctaw	0	25712
Cherokee	0	23269
Cheyenne	0	25780
Sorani	13	5027
Corsican	94	203324
Capiznon	0	338
Cree Wikiquote	0	25615
Crimean Tatar	1	501
Crimean Tatar Cyrillic alphabet	0	184
Crimean Tatar Latin alphabet	2	26087
Czech	16463	649347
Kashubian	0	26917
Old Church Slavonic	0	21253
Chuvash	38	3714
Welsh	224	412046
Danish	6821	1269800
Dagbani	0	131
German	4323	3008065
Austrian German	110	133728
Swiss Standard German	218	137186
formal address in German	1	10
Dinka	1	419
Zazaki	43	32845
Lower Sorbian	207	63563
Kadazandusun	0	24335
Doteli	0	1152
Dhivehi	9	428
Dzongkha	0	197
Ewe	2	33011
Emilian	0	3226
Modern Greek	389	84469
Emilian-Romagnol	7	30369
English	55873	7753002
Canadian English	115	176881
British English	154	198896
Esperanto	1064	216114
Spanish	6825	4558341
Latin American Spanish	1	467
formal Spanish	0	36
Estonian	464	232242
Basque	282	269517
Extremaduran	2	33972
Persian	2086	203790
Fula	1	26158
Finnish	7088	976694
Meänkieli	1	28151
Fijian	0	26173
kven	0	2
Faroese	14	61709
French	2548	3076870
Louisiana French	1	54477
Franco-Provençal	5	110919
North Frisian	252	66268
Friulian	9	131645
West Frisian	129	51897
Irish	74	1548135
Gagauz	0	26054
Gan	0	682
simplified Gan	0	386
traditional Gan	0	378
Guianan Creole	3	123
Scottish Gaelic	18	139346
Galician	757	414584
Gilaki	1	343
Guarani	1	26271
Goan Konkani	2	573
Goan Konkani in Devanagari script	0	193
Goan Konkani in Latin script	0	1500
Gorontalo	1	26395
Gothic	1	23498
Ancient Greek	0	1042
Alemannic	308	190865
Gujarati	10	3999
Manx	9	29285
Hausa	14	31568
Hakka	2	29105
Hawaiian	50	25365
Hebrew	728	131109
Hindi	312	26684
Fiji Hindi	8	26849
Fiji Hindi in Latin script	0	25624
Hiligaynon	0	1359
Hiri Motu	0	25716
Croatian	219	199986
Hunsrik	0	1707
Upper Sorbian	210	70358
Haitian Creole	129	38407
Hungarian	7747	780966
formal Hungarian	0	2
Armenian	398	64443
Western Armenian	29	2196
Herero	0	25663
Interlingua	11	111571
Indonesian	1173	297237
Interlingue	6	111184
Igbo	4	27127
Nuosu	0	178
Inupiat	0	25725
Eastern Canadian (Aboriginal syllabics)	0	611
Eastern Canadian in Latin script	0	25538
Ilocano	2	31236
Ingush	0	218
Ido	5	114250
Icelandic	31	131978
Italian	4700	1900283
Inuktitut	0	23261
Japanese	12539	451684
Jamaican Creole	2	77420
Lojban	0	26051
Jutlandic	0	1206
Javanese	36	87204
Georgian	601	24193
Karakalpak	0	26367
Kabyle	2	77305
Kabardian	0	353
Kabardian in Cyrillic script	0	177
Kabiye	0	670
Cape Verdean Creole	0	355
Kongo	2	105617
Khowar	0	179
Gikuyu	0	25728
Kirmanjki	0	189
Kwanyama	0	24754
Eastern Pwo	0	6
Kazakh	62	12559
Kazakh Arabic alphabets	1	1616
Kazakh in China	1	989
Kazakh in Cyrillic script	1	1732
Kazakh in Kazakhstan	1	1417
Kazakh in Latin script	1	26943
Kazakh in Turkey	1	24731
Greenlandic	1	41809
Khmer	2	844
Kannada	51	8565
Korean	1920	121056
North Korean standard language	0	194
Permyak	0	278
Kanuri	0	24770
Karachay-Balkar	0	240
Krio	0	362
Kinaray-a	0	23358
Karelian	0	336
Kashmiri	0	299
Kashmiri in Arabic script	0	177
Kashmiri in Devanagari script	0	178
Ripuarian	3	29245
Kurdish	16	27326
Kurdish Arabic alphabet	0	936
Kurdish in Latin script	0	24367
Kumyk	0	2
Komi	0	352
Cornish	1	24889
Kyrgyz	17	3324
Latin	170	66346
Judaeo-Spanish	0	27950
Luxembourgish	147	204002
Lak	0	227
Lezgian	0	998
Lingua Franca Nova	1	31391
Luganda	0	24208
Limburgish	49	152341
Ligurian	11	132760
Livonian	0	1549
Laki	0	823
Ladin	3	148
Lombard	19	61091
Lingala	0	25249
Lao	3	21651
Lozi	0	23239
Northern Luri	0	383
Lithuanian	416	181876
Latgalian	0	24743
Mizo	0	23231
Southern Luri	0	11158
Latvian	53	92230
Classical Chinese	42622	365658
Laz	0	23190
Madurese	0	1963
Maithili	15	3964
Banyumasan	17	75631
Moksha	0	275
Malagasy	48	131852
Marshallese	0	22648
Meadow Mari	0	736
Māori	0	37824
Minangkabau	21	156698
Macedonian	121	17453
Malayalam	102	24316
Mongolian	10	6566
Meitei	0	12
Mon language spelling	5	50
Moldovan	0	22157
Marathi	76	14035
Hill Mari	0	483
Malay	127	141790
Maltese	84	60355
Muscogee	0	25162
Mirandese	0	28023
Burmese	161	23804
Erzya	7	2062
Mazanderani	4	2437
Nauruan Wikiquote	0	25047
Nahuatl	1	27112
Southern Min	27	8427
Neapolitan	10	131158
Bokmål	4117	1221607
Low German	392	287175
Dutch Low Saxon	219	162751
Nepali	65	6229
Newar	9	1073
Ndonga	0	24646
Nias	0	1
Niuean	0	325
Dutch	34119	7096474
informal Dutch	0	6
Nynorsk	181	852361
Norwegian	0	388
Northern Thai	0	170
Novial	1	26215
N'Ko	0	263
Norman	2	109316
Northern Sotho	0	24796
Navajo	1	24808
Chewa	1	24817
Noongar	0	3945
Occitan	24	168096
Livvi-Karelian	0	2339
Oromo	0	24681
Odia	6	9119
Ossetian	1	866
Ottoman Turkish	0	203
Eastern Punjabi	114	10196
Pangasinan	0	25165
Kapampangan	4	26268
Papiamento	23	76780
Picard	12	135795
Pennsylvania German	3	30652
Plautdietsch	3	24976
Palatinate German	215	55120
Pali	0	3494
Pitkern	0	25167
Polish	18173	710897
Piedmontese	23	139801
Western Punjabi	87	7561
Pontic Greek	0	899
Old Prussian	1	74526
Pashto	5	1843
Portuguese	14287	1362407
Brazilian Portuguese	946	286288
Quechua	5	30816
Kichwa	0	23388
Romagnol	1	52712
Riffian	0	23361
Romansh	19	164164
Finnish Kalo	0	591
Romani	0	25507
Kirundi	0	24825
Romanian	402	304742
Tarantino	0	25147
Russian	5589	698331
Rusyn	10	766
Aromanian	0	26372
Megleno-Romanian	0	1268
Megleno-Romanian in Cyrillic script	0	189
Megleno-Romanian in Latin script	0	24588
Kinyarwanda	1	24988
Marwari (India)	0	162
Sanskrit	9	2301
Sakha	15	1209
Santali	22	24545
Sardinian	16	143279
Sicilian	12	135528
Scots	174	164750
Sindhi	12	1351
Sassarese	0	23674
Southern Kurdish	0	151
Northern Sami	3	48434
Seri	0	23608
Koyraboro Senni	0	165
Sango	0	24775
Samogitian	3	25465
Serbo-Croatian	232	59072
Tashelhit	0	622
Tachelhit in Latin script	0	24583
Tachelhit in Tifinagh script	0	177
Shan	8	207
Shawiya in Latin script	0	18
Sinhala	8	2138
Simple English	12	6853
Kildin Sami	0	326
Pite Sami	0	17838
Ume Sami	0	590
Slovak	382	304577
Saraiki	0	24
Saraiki in Arabic script	0	3
Slovene	344	2386521
Silesian German	0	23560
Samoan	0	24851
Southern Sami	0	41893
Lule Sami	0	19080
Inari Sami	1	791
Skolt Sami	0	711
Shona	0	25820
Somali	2	25569
Albanian	2816	2514084
Serbian	425	42523
Serbian written in Cyrillic	2	10832
Serbian written in Latin script	3	98204
Sranan Tongo	22	27038
Sirionó	0	493
Swazi	0	22911
Sesotho	0	25040
Saterland Frisian	0	30351
Siberian Tatar	0	6
Sundanese	23	78544
Swedish	10102	1394620
Swahili	21	128968
Silesian	1	28591
Sakizaya	1	622
Tamil	496	24257
Atayal	0	29
Tulu	0	547
Telugu	62	13623
Tetum	1	49654
Tajik	11	47156
Tajik in Cyrillic script	0	289
Tajik in Latin script	0	25036
Thai	164	26249
Tigrinya	0	33
Turkmen	1	24250
Tagalog	53	63968
Talysh	0	182
Tswana	0	24839
Tongan	5	25038
Tok Pisin	0	26174
Turkish	964	237558
Turoyo	0	23185
Tsonga	0	24814
Tatar	54	30520
Tatar in Cyrillic script	5	808
Tatar in Latin script	0	24598
Tumbuka	0	24863
Twi	1	22894
Tahitian	4	59110
Tuvan	3	942
Central Atlas Tamazight	0	4
Udmurt	1	460
Uyghur	8	725
Uyghur Arabic alphabet	0	237
Uyghur Latin alphabet	0	24597
Ukrainian	2741	161004
Urdu	266	19240
Uzbek	42	33128
Uzbek Cyrillic alphabet	0	1
Uzbek Latin alphabet	0	5
Venda	0	24970
Venetian	17	136817
Veps	1	25758
Vietnamese	1998	170434
West Flemish	18	134237
Main-Franconian	4	80284
Volapük	76	110886
Votic	0	24508
Võro	1	2285
Walloon	13	138606
Waray	11	44543
Wolof	2	105804
Wu Chinese	226	9483
Kalmyk Oirat	0	258
Xhosa	0	25306
Mingrelian	10	2473
Yiddish	13	2905
Yoruba	18	34863
Cantonese	127	22915
Zhuang	1	24760
Zeelandic	0	30541
Standard Moroccan Berber	0	4
Chinese	46045	677797
Putonghua	1071	54767
Simplified Chinese	28	88546
Traditional Chinese	43777	507156
Chinese (Hong Kong)	8	39076
Chinese in Macau	2	5140
Malaysian Mandarin	1	5177
Singaporean Mandarin	2	19318
Taiwanese Mandarin	64	25656
Zulu	3	107097
