language_long	num_permuted_baseline	num_permuted_comma	num_permuted_edit_distance	num_permuted_remove_parenthesis	num_permuted_remove_parenthesis_permute_comma
global	0	618497	702548	402399	1002252
Afar	0	3	21	3	6
Abkhaz	0	23	30	3	26
Ambonese	0	0	0	0	0
Acehnese	0	23	107	22	45
Adyghe	0	0	11	0	0
Adyghe in Cyrillic script	0	0	0	0	0
Tunisian Arabic	0	0	0	0	0
Tunisian Arabic in Arabic script	0	0	105	5	5
Tunisian Arabic in Latin script	0	0	3	0	0
Afrikaans	0	252	456	2241	2443
Akan Wiktionary	0	5	23	5	10
Gheg Albanian	0	1	16	0	1
Swiss German	0	0	2	4	4
Amharic	0	0	168	3	3
Aragonese	0	121	355	232	340
Old English	0	7	88	0	7
Angika	0	0	0	0	0
Arabic	0	16	9024	4461	4476
Aramaic	0	0	18	1	1
Mapudungun	0	0	27	0	0
Algerian Arabic	0	0	10	0	0
Moroccan Arabic	0	0	120	6	6
Egyptian Arabic	0	3	7709	8258	8261
Assamese	0	1	37	10	11
Asturian	0	8290	9237	767	8933
Atikamekw	0	2	0	0	2
Avaric	0	6	20	0	6
Kotava	0	0	9	8	8
Awadhi	0	0	1	3	3
Aymara	0	3	30	0	3
Azerbaijani	0	19	1408	370	386
South Azerbaijani	0	4	3584	4077	4081
Bashkir language	0	30	4774	66	96
Balinese	0	0	4	2	2
Bavarian	0	300	321	332	614
Toba Batak	0	0	0	0	0
Batak Toba in Latin script	0	0	3	0	0
Southern Balochi	0	0	0	0	0
Central Bikol	0	25	37	12	37
Belarusian	0	492	2865	92	581
Taraškievica	0	12	208	48	60
Bulgarian	0	247	2135	2381	2607
Western Balochi	0	0	0	0	0
Bhojpuri	0	1	23	10	11
Bislama Wiktionary	0	3	21	0	3
Banjar	0	8	98	19	27
Bambara	0	67	60	1	68
Bengali	0	107	934	552	627
Tibetan	0	0	1	0	0
Bishnupriya Manipuri	0	0	7	1	1
Bakhtiari	0	0	0	0	0
Breton	0	196	460	114	309
Brahui language	0	0	17	0	0
Bosnian	0	364	242	51	412
Mandailing	0	0	0	0	0
Rinconada Bikol	0	0	0	0	0
Buginese	0	4	75	17	21
Russia Buriat	0	11	48	0	11
Catalan	0	5831	8245	3619	9401
Zamboanga Chavacano	0	4	26	0	4
Min Dong	0	3	136	0	3
Chechen	0	622	669	8	628
Cebuano	0	40	88	10	49
Chamorro	0	3	21	0	3
Choctaw	0	3	21	0	3
Cherokee	0	0	22	0	0
Cheyenne	0	3	21	0	3
Sorani	0	1	138	13	14
Corsican	0	110	278	94	200
Capiznon	0	0	0	0	0
Cree Wikiquote	0	3	21	0	3
Crimean Tatar	0	1	32	1	2
Crimean Tatar Cyrillic alphabet	0	0	0	0	0
Crimean Tatar Latin alphabet	0	4	50	2	6
Czech	0	4904	5001	16463	19396
Kashubian	0	3	30	0	3
Old Church Slavonic	0	0	23	0	0
Chuvash	0	18	2582	38	56
Welsh	0	1880	622	224	2099
Danish	0	4865	4777	6821	11576
Dagbani	0	0	1	0	0
German	0	11022	11670	4323	14911
Austrian German	0	103	191	110	204
Swiss Standard German	0	291	402	218	488
formal address in German	0	0	0	1	1
Dinka	0	1	2	1	2
Zazaki	0	8	58	43	50
Lower Sorbian	0	24	125	207	222
Kadazandusun	0	4	18	0	4
Doteli	0	0	7	0	0
Dhivehi	0	0	9	9	9
Dzongkha	0	0	0	0	0
Ewe	0	4	65	2	6
Emilian	0	6	2	0	6
Modern Greek	0	1174	3793	389	1558
Emilian-Romagnol	0	7	37	7	14
English	0	56873	4775	55873	111324
Canadian English	0	2702	250	115	2806
British English	0	2796	303	154	2938
Esperanto	0	408	1481	1064	1461
Spanish	0	20459	12034	6825	27042
Latin American Spanish	0	1	26	1	2
formal Spanish	0	0	0	0	0
Estonian	0	181	672	464	636
Basque	0	264	681	282	545
Extremaduran	0	11	33	2	13
Persian	0	23	3755	2086	2109
Fula	0	4	22	1	5
Finnish	0	3966	2400	7088	10437
Meänkieli	0	5	23	1	6
Fijian	0	4	22	0	4
kven	0	0	0	0	0
Faroese	0	9	64	14	23
French	0	7499	10769	2548	9839
Louisiana French	0	68	40	1	69
Franco-Provençal	0	74	103	5	79
North Frisian	0	45	133	252	285
Friulian	0	75	140	9	84
West Frisian	0	40	147	129	167
Irish	0	236	1161	74	309
Gagauz	0	4	21	0	4
Gan	0	0	0	0	0
simplified Gan	0	0	0	0	0
traditional Gan	0	0	0	0	0
Guianan Creole	0	0	2	3	3
Scottish Gaelic	0	203	183	18	221
Galician	0	1725	1425	757	2336
Gilaki	0	0	5	1	1
Guarani	0	3	26	1	4
Goan Konkani	0	26	43	2	28
Goan Konkani in Devanagari script	0	12	15	0	12
Goan Konkani in Latin script	0	0	6	0	0
Gorontalo	0	4	74	1	5
Gothic	0	0	22	1	1
Ancient Greek	0	1	12	0	1
Alemannic	0	334	333	308	627
Gujarati	0	4	67	10	14
Manx	0	5	27	9	14
Hausa	0	8	54	14	22
Hakka	0	4	83	2	6
Hawaiian	0	50	21	50	51
Hebrew	0	4620	4898	728	5278
Hindi	0	78	604	312	375
Fiji Hindi	0	2	33	8	10
Fiji Hindi in Latin script	0	3	21	0	3
Hiligaynon	0	3	1	0	3
Hiri Motu	0	3	21	0	3
Croatian	0	427	762	219	644
Hunsrik	0	0	3	0	0
Upper Sorbian	0	42	132	210	243
Haitian Creole	0	14	71	129	137
Hungarian	0	9119	52986	7747	15774
formal Hungarian	0	0	0	0	0
Armenian	0	124	1152	398	511
Western Armenian	0	3	55	29	32
Herero	0	3	21	0	3
Interlingua	0	75	118	11	86
Indonesian	0	799	1211	1173	1953
Interlingue	0	73	105	6	79
Igbo	0	5	39	4	9
Nuosu	0	0	0	0	0
Inupiat	0	3	21	0	3
Eastern Canadian (Aboriginal syllabics)	0	1	1	0	1
Eastern Canadian in Latin script	0	3	21	0	3
Ilocano	0	13	104	2	15
Ingush	0	2	28	0	2
Ido	0	88	152	5	93
Icelandic	0	48	239	31	79
Italian	0	10921	9739	4700	15129
Inuktitut	0	0	17	0	0
Japanese	0	55	3792	12539	12593
Jamaican Creole	0	68	68	2	70
Lojban	0	12	22	0	12
Jutlandic	0	1	0	0	1
Javanese	0	14	176	36	50
Georgian	0	13	783	601	613
Karakalpak	0	5	31	0	5
Kabyle	0	67	79	2	69
Kabardian	0	0	17	0	0
Kabardian in Cyrillic script	0	0	0	0	0
Kabiye	0	0	14	0	0
Cape Verdean Creole	0	0	0	0	0
Kongo	0	73	95	2	75
Khowar	0	0	0	0	0
Gikuyu	0	3	21	0	3
Kirmanjki	0	0	0	0	0
Kwanyama	0	0	20	0	0
Eastern Pwo	0	0	0	0	0
Kazakh	0	192	1749	62	245
Kazakh Arabic alphabets	0	0	272	1	1
Kazakh in China	0	0	164	1	1
Kazakh in Cyrillic script	0	25	239	1	26
Kazakh in Kazakhstan	0	9	137	1	10
Kazakh in Latin script	0	13	257	1	14
Kazakh in Turkey	0	8	159	1	9
Greenlandic	0	5	31	1	6
Khmer	0	1	23	2	3
Kannada	0	81	761	51	131
Korean	0	42	15365	1920	1962
North Korean standard language	0	0	2	0	0
Permyak	0	3	60	0	3
Kanuri	0	1	20	0	1
Karachay-Balkar	0	10	31	0	10
Krio	0	0	0	0	0
Kinaray-a	0	0	17	0	0
Karelian	0	0	0	0	0
Kashmiri	0	0	6	0	0
Kashmiri in Arabic script	0	0	0	0	0
Kashmiri in Devanagari script	0	0	0	0	0
Ripuarian	0	9	32	3	12
Kurdish	0	9	69	16	21
Kurdish Arabic alphabet	0	0	13	0	0
Kurdish in Latin script	0	1	32	0	1
Kumyk	0	0	0	0	0
Komi	0	6	130	0	6
Cornish	0	4	28	1	5
Kyrgyz	0	605	1395	17	620
Latin	0	73	691	170	241
Judaeo-Spanish	0	1	30	0	1
Luxembourgish	0	505	307	147	649
Lak	0	7	11	0	7
Lezgian	0	2	101	0	2
Lingua Franca Nova	0	9	28	1	10
Luganda	0	0	21	0	0
Limburgish	0	302	155	49	349
Ligurian	0	76	147	11	87
Livonian	0	0	3	0	0
Laki	0	0	0	0	0
Ladin	0	1	9	3	4
Lombard	0	13	160	19	32
Lingala	0	0	50	0	0
Lao	0	0	35	3	3
Lozi	0	0	17	0	0
Northern Luri	0	0	12	0	0
Lithuanian	0	338	489	416	752
Latgalian	0	6	26	0	6
Mizo	0	0	17	0	0
Southern Luri	0	0	13	0	0
Latvian	0	66	387	53	117
Classical Chinese	0	0	81	42622	42622
Laz	0	0	17	0	0
Madurese	0	1	0	0	1
Maithili	0	2	29	15	17
Banyumasan	0	6	94	17	23
Moksha	0	35	43	0	35
Malagasy	0	87	227	48	135
Marshallese	0	0	19	0	0
Meadow Mari	0	106	112	0	106
Māori	0	16	29	0	16
Minangkabau	0	79	179	21	100
Macedonian	0	86	467	121	207
Malayalam	0	37	419	102	139
Mongolian	0	87	476	10	97
Meitei	0	0	0	0	0
Mon language spelling	0	0	9	5	5
Moldovan	0	1	34	0	1
Marathi	0	150	376	76	224
Hill Mari	0	107	115	0	107
Malay	0	181	521	127	306
Maltese	0	16	178	84	96
Muscogee	0	1	20	0	1
Mirandese	0	12	40	0	12
Burmese	0	0	486	161	161
Erzya	0	419	458	7	422
Mazanderani	0	0	65	4	4
Nauruan Wikiquote	0	0	20	0	0
Nahuatl	0	3	29	1	4
Southern Min	0	4	1024	27	31
Neapolitan	0	76	135	10	86
Bokmål	0	2757	3289	4117	6134
Low German	0	681	428	392	1055
Dutch Low Saxon	0	98	236	219	304
Nepali	0	2	102	65	67
Newar	0	2	36	9	11
Ndonga	0	0	20	0	0
Nias	0	0	0	0	0
Niuean	0	0	0	0	0
Dutch	0	50184	24848	34119	80830
informal Dutch	0	0	0	0	0
Nynorsk	0	174	1398	181	352
Norwegian	0	0	0	0	0
Northern Thai	0	0	0	0	0
Novial	0	1	22	1	2
N'Ko	0	0	10	0	0
Norman	0	76	103	2	78
Northern Sotho	0	0	23	0	0
Navajo	0	2	29	1	3
Chewa	0	2	20	1	3
Noongar	0	3	7	0	3
Occitan	0	133	259	24	157
Livvi-Karelian	0	2	8	0	2
Oromo	0	0	21	0	0
Odia	0	7	56	6	13
Ossetian	0	248	454	1	249
Ottoman Turkish	0	0	4	0	0
Eastern Punjabi	0	9	167	114	122
Pangasinan	0	3	23	0	3
Kapampangan	0	7	31	4	11
Papiamento	0	66	76	23	88
Picard	0	129	139	12	141
Pennsylvania German	0	5	29	3	8
Plautdietsch	0	2	18	3	5
Palatinate German	0	22	105	215	227
Pali	0	2	7	0	2
Pitkern	0	1	20	0	1
Polish	0	5419	4202	18173	21711
Piedmontese	0	80	189	23	103
Western Punjabi	0	0	425	87	87
Pontic Greek	0	0	0	0	0
Old Prussian	0	65	60	1	66
Pashto	0	0	125	5	5
Portuguese	0	9061	7399	14287	22299
Brazilian Portuguese	0	1431	1491	946	2373
Quechua	0	4	64	5	9
Kichwa	0	0	19	0	0
Romagnol	0	64	42	1	65
Riffian	0	0	18	0	0
Romansh	0	93	135	19	111
Finnish Kalo	0	0	10	0	0
Romani	0	0	23	0	0
Kirundi	0	1	20	0	1
Romanian	0	804	1145	402	1202
Tarantino	0	2	22	0	2
Russian	0	346171	343286	5589	349440
Rusyn	0	7	23	10	17
Aromanian	0	2	22	0	2
Megleno-Romanian	0	0	0	0	0
Megleno-Romanian in Cyrillic script	0	0	0	0	0
Megleno-Romanian in Latin script	0	0	20	0	0
Kinyarwanda	0	0	24	1	1
Marwari (India)	0	0	0	0	0
Sanskrit	0	0	77	9	9
Sakha	0	42	465	15	57
Santali	0	20	58	22	42
Sardinian	0	79	144	16	95
Sicilian	0	81	186	12	93
Scots	0	1381	238	174	1534
Sindhi	0	0	103	12	12
Sassarese	0	0	17	0	0
Southern Kurdish	0	0	0	0	0
Northern Sami	0	8	63	3	11
Seri	0	2	25	0	2
Koyraboro Senni	0	0	0	0	0
Sango	0	0	20	0	0
Samogitian	0	1	41	3	4
Serbo-Croatian	0	178	489	232	407
Tashelhit	0	0	0	0	0
Tachelhit in Latin script	0	0	20	0	0
Tachelhit in Tifinagh script	0	0	0	0	0
Shan	0	0	8	8	8
Shawiya in Latin script	0	0	1	0	0
Sinhala	0	8	156	8	16
Simple English	0	1	12	12	13
Kildin Sami	0	0	0	0	0
Pite Sami	0	0	27	0	0
Ume Sami	0	0	15	0	0
Slovak	0	143	743	382	524
Saraiki	0	0	4	0	0
Saraiki in Arabic script	0	0	1	0	0
Slovene	0	2332	5015	344	2667
Silesian German	0	1	17	0	1
Samoan	0	0	26	0	0
Southern Sami	0	0	48	0	0
Lule Sami	0	0	31	0	0
Inari Sami	0	0	20	1	1
Skolt Sami	0	0	20	0	0
Shona	0	3	22	0	3
Somali	0	2	42	2	4
Albanian	0	12079	1907	2816	14783
Serbian	0	273	816	425	656
Serbian written in Cyrillic	0	40	186	2	42
Serbian written in Latin script	0	97	256	3	100
Sranan Tongo	0	2	34	22	23
Sirionó	0	1	0	0	1
Swazi	0	1	19	0	1
Sesotho	0	1	22	0	1
Saterland Frisian	0	3	28	0	3
Siberian Tatar	0	0	0	0	0
Sundanese	0	9	105	23	32
Swedish	0	7122	5404	10102	16372
Swahili	0	107	394	21	127
Silesian	0	3	31	1	4
Sakizaya	0	0	12	1	1
Tamil	0	129	1029	496	533
Atayal	0	0	0	0	0
Tulu	0	1	12	0	1
Telugu	0	29	595	62	91
Tetum	0	4	91	1	5
Tajik	0	126	438	11	137
Tajik in Cyrillic script	0	0	2	0	0
Tajik in Latin script	0	1	38	0	1
Thai	0	4	939	164	168
Tigrinya	0	0	1	0	0
Turkmen	0	1	68	1	2
Tagalog	0	140	284	53	193
Talysh	0	0	0	0	0
Tswana	0	1	21	0	1
Tongan	0	1	23	5	6
Tok Pisin	0	3	21	0	3
Turkish	0	213	2360	964	1163
Turoyo	0	0	17	0	0
Tsonga	0	0	20	0	0
Tatar	0	10	326	54	64
Tatar in Cyrillic script	0	1	10	5	6
Tatar in Latin script	0	0	20	0	0
Tumbuka	0	1	20	0	1
Twi	0	1	19	1	2
Tahitian	0	20	41	4	24
Tuvan	0	531	547	3	531
Central Atlas Tamazight	0	0	1	0	0
Udmurt	0	190	187	1	191
Uyghur	0	0	51	8	8
Uyghur Arabic alphabet	0	0	13	0	0
Uyghur Latin alphabet	0	0	20	0	0
Ukrainian	0	598	41488	2741	3276
Urdu	0	0	1047	266	266
Uzbek	0	199	1848	42	241
Uzbek Cyrillic alphabet	0	0	0	0	0
Uzbek Latin alphabet	0	0	0	0	0
Venda	0	0	20	0	0
Venetian	0	79	189	17	96
Veps	0	0	609	1	1
Vietnamese	0	889	5593	1998	2400
West Flemish	0	82	162	18	100
Main-Franconian	0	68	74	4	72
Volapük	0	94	94	76	155
Votic	0	0	20	0	0
Võro	0	1	212	1	2
Walloon	0	80	187	13	93
Waray	0	30	124	11	41
Wolof	0	75	92	2	77
Wu Chinese	0	1	35	226	227
Kalmyk Oirat	0	17	42	0	17
Xhosa	0	1	22	0	1
Mingrelian	0	1	28	10	11
Yiddish	0	8	114	13	21
Yoruba	0	80	119	18	98
Cantonese	0	2	45	127	129
Zhuang	0	0	25	1	1
Zeelandic	0	7	34	0	7
Standard Moroccan Berber	0	0	0	0	0
Chinese	0	2385	1454	46045	48426
Putonghua	0	8	258	1071	1079
Simplified Chinese	0	9	38	28	37
Traditional Chinese	0	14	433	43777	43790
Chinese (Hong Kong)	0	1	4	8	9
Chinese in Macau	0	1	0	2	3
Malaysian Mandarin	0	1	0	1	2
Singaporean Mandarin	0	1	1	2	3
